,7
1,PDC078F
2,PD0109P
3,C074P
4,PD0612C
5,C046C
6,PD0779C
7,PD0596C
8,PD0980C
9,PD0590C
10,PD0086C
11,C075P
12,C046P
13,PDC029C
14,PDC034P
15,C072F
16,C043C
17,C036C
18,PD0822F
19,C049P
20,PD0917C
21,PD0945P
22,PDC087F
23,PD0969F
24,PD0022F
25,PD0822C
26,PD0779F
27,PD0969P
28,PD0022P
29,C074F
30,C046C_kit5
31,PD0086F
32,PDC023C
33,PDC029F
34,PD0913P
35,PDC085P
36,PD0022C
37,PD0109F
38,C073F
39,C073C
40,PDC035P
41,C046F
42,C072P
43,PD0945C
44,PD0612F
45,C030F
46,PDC027P
47,PD0969C
48,PD1101C
49,PD0596P
50,C073P
51,PD0709C
52,C075F
53,PDC022P
54,C036P
55,PD0913C
56,C076P
57,PD0976P
58,PD0709P
59,PD0822P
60,PDC034C
61,PDC085F
62,PDC078P
63,PD0913F
64,PD0596F
65,PD0709F
66,PDC035F
67,PD0980F
68,C076F
69,C030C
70,C049F
71,PDC027F
72,PDC078C
73,PD0980P
74,PD0612P
75,PD0109C
76,C036F
77,PD0687F
78,PDC034F
79,PDC022F
80,PDC085C
81,PDC087P
82,C046P_kit5
83,C076C
84,PD0917F
85,C049C
86,PDC035C
87,PD0917P
88,PD1101P
89,PD0086P
90,PDC027C
